{"cameraMode":{"drawMode":0,"name":"Shaded","section":"Shading Mode"},"sceneLighting":false,"audioPlay":false,"sceneViewState":{"m_AlwaysRefresh":false,"showFog":true,"showSkybox":false,"showFlares":true,"showImageEffects":true,"showParticleSystems":true,"showVisualEffectGraphs":true,"m_FxEnabled":true},"in2DMode":false,"pivot":{"x":2.776181697845459,"y":3.4984240531921388,"z":-0.2506847381591797},"rotation":{"x":-0.10943987220525742,"y":-0.06307494640350342,"z":0.010916746221482754,"w":-0.9922850728034973},"size":4.132489204406738,"orthographic":false}