{"cameraMode":{"drawMode":0,"name":"Shaded","section":"Shading Mode"},"sceneLighting":false,"audioPlay":false,"sceneViewState":{"m_AlwaysRefresh":false,"showFog":true,"showSkybox":false,"showFlares":true,"showImageEffects":true,"showParticleSystems":true,"showVisualEffectGraphs":true,"m_FxEnabled":true},"in2DMode":false,"pivot":{"x":-0.4268506169319153,"y":-0.3557424247264862,"z":-0.02025628089904785},"rotation":{"x":-0.0800042524933815,"y":-0.008075647987425328,"z":0.0045898533426225189,"w":-0.9971044659614563},"size":1.5244266986846924,"orthographic":false}