{"cameraMode":{"drawMode":0,"name":"Shaded","section":"Shading Mode"},"sceneLighting":false,"audioPlay":false,"sceneViewState":{"m_AlwaysRefresh":false,"showFog":true,"showSkybox":false,"showFlares":true,"showImageEffects":true,"showParticleSystems":true,"showVisualEffectGraphs":true,"m_FxEnabled":true},"in2DMode":false,"pivot":{"x":0.36585116386413576,"y":-3.0067214965820314,"z":11.066267967224121},"rotation":{"x":0.2523529529571533,"y":0.04413972795009613,"z":-0.017967909574508668,"w":0.9668741822242737},"size":11.119990348815918,"orthographic":false}